site,A1,tau1_ps,A2,tau2_ps,A3,tau3_ps,R2
Trp1,0.5645,0.03648,0.3620,0.50713,0.0735,1926.100,0.99217
Trp2,0.4649,0.02688,0.3997,0.63970,0.1354,776.010,0.98875
Trp3,0.6152,0.06787,0.1447,1.77252,0.2402,6820.100,0.97221
Trp4,0.5739,0.04083,0.3744,1.00060,0.0516,8524.210,0.98553
Trp5,0.4741,0.04995,0.1319,0.40641,0.3939,956.910,0.98264
Trp6,0.5305,0.06152,0.3099,8.58262,0.1597,491.600,0.99065
Trp7,0.5241,0.03427,0.3837,0.58366,0.0922,452.370,0.98897
Trp8,0.3588,0.04742,0.5246,0.64890,0.1166,1358.400,0.99435
