site,idx,sigma_fast_cm,sigma_slow_cm,stitched_welch_over_varslow,periodogram_fast,periodogram_slow
αW21,0,781.63,843.80,1.3688,1.00000,0.99979
αW346,1,754.72,972.17,0.9106,1.00000,0.99990
αW388,2,636.16,805.81,1.0033,1.00000,0.99982
αW407,3,861.26,998.52,1.2550,1.00000,0.99997
βW21,4,725.75,720.73,0.9437,1.00000,0.99998
βW101,5,946.77,846.28,1.4484,1.00000,0.99996
βW344,6,627.27,675.25,1.3269,1.00000,0.99951
βW397,7,1511.84,1453.17,1.4884,1.00000,0.99992
