dataset,site,idx,max_ratio
slow,αW21,0,3.121978e-14
slow,αW346,1,4.469110e-14
slow,αW388,2,3.098996e-14
slow,αW407,3,3.497130e-14
slow,βW21,4,6.003713e-14
slow,βW101,5,4.993993e-14
slow,βW344,6,3.824452e-14
slow,βW397,7,3.177863e-14
fast,αW21,0,3.790740e-14
fast,αW346,1,1.282034e-13
fast,αW388,2,5.072847e-14
fast,αW407,3,5.333592e-14
fast,βW21,4,4.656973e-14
fast,βW101,5,6.077818e-14
fast,βW344,6,3.624986e-14
fast,βW397,7,4.716231e-14
