dataset,site,idx,sigma_cm,periodogram_ratio,welch_ratio
slow,αW21,0,843.7991,0.999793,0.98869
slow,αW346,1,972.1741,0.999900,0.93160
slow,αW388,2,805.8107,0.999825,0.87535
slow,αW407,3,998.5207,0.999965,0.99397
slow,βW21,4,720.7305,0.999980,0.76053
slow,βW101,5,846.2831,0.999956,1.01815
slow,βW344,6,675.2514,0.999509,0.95618
slow,βW397,7,1453.1749,0.999915,0.97095
fast,αW21,0,781.6321,1.000000,0.97644
fast,αW346,1,754.7223,1.000000,0.94002
fast,αW388,2,636.1634,1.000000,0.78336
fast,αW407,3,861.2576,1.000000,0.97257
fast,βW21,4,725.7521,0.999999,0.71754
fast,βW101,5,946.7743,1.000000,0.71094
fast,βW344,6,627.2730,1.000000,0.95733
fast,βW397,7,1511.8400,1.000000,0.93143
